bankAcctID,verifyPic1,verifyPic2
1254.jpg,1254_21695.jpg,1254_21694.jpg
1255.jpg,1255_21697.jpg,1255_21698.jpg
1256.jpg,1256_21718.jpg,1256_21719.jpg
1257.jpg,1257_21721.jpg,1257_21722.jpg
1258.jpg,1258_21723.jpg,1258_21724.jpg
1259.jpg,1259_21726.jpg,1259_21727.jpg
1260.jpg,1260_21834.jpg,1260_21835.jpg
1261.jpg,1261_21841.jpg,1261_21842.jpg
1262.jpg,1262_21843.jpg,1262_21844.jpg
1263.jpg,1263_21845.jpg,1263_21846.jpg
1264.jpg,1264_21848.jpg,1264_21849.jpg
1265.jpg,1265_21851.jpg,1265_21852.jpg
1266.jpg,1266_21854.jpg,1266_21855.jpg
1267.jpg,1267_21857.jpg,1267_21858.jpg
1268.jpg,1268_21863.jpg,1268_21864.jpg
1269.jpg,1269_21875.jpg,1269_21876.jpg
1270.jpg,1270_21879.jpg,1270_21880.jpg
1271.jpg,1271_21904.jpg,1271_21905.jpg
1272.jpg,1272_21907.jpg,1272_21908.jpg
1273.jpg,1273_21911.jpg,1273_21912.jpg
1274.jpg,1274_21914.jpg,1274_21915.jpg
1275.jpg,1275_21943.jpg,1275_21944.jpg
1276.jpg,1276_21949.jpg,1276_21950.jpg
1277.jpg,1277_21951.jpg,1277_21952.jpg
1278.jpg,1278_21953.jpg,1278_21954.jpg
1279.jpg,1279_21958.jpg,1279_21959.jpg
1280.jpg,1280_21962.jpg,1280_21963.jpg
1281.jpg,1281_21966.jpg,1281_21967.jpg
1282.jpg,1282_21981.jpg,1282_21982.jpg
1283.jpg,1283_22002.jpg,1283_22003.jpg
1284.jpg,1284_22040.jpg,1284_22041.jpg
1285.jpg,1285_22042.jpg,1285_22043.jpg
1286.jpg,1286_22053.jpg,1286_22054.jpg
1287.jpg,1287_22056.jpg,1287_22057.jpg
1288.jpg,1288_22059.jpg,1288_22060.jpg
1289.jpg,1289_22062.jpg,1289_22063.jpg
1290.jpg,1290_22064.jpg,1290_22065.jpg
1291.jpg,1291_22066.jpg,1291_22067.jpg
1292.jpg,1292_22069.jpg,1292_22070.jpg
1293.jpg,1293_22073.jpg,1293_22074.jpg
1294.jpg,1294_22075.jpg,1294_22076.jpg
1295.jpg,1295_22083.jpg,1295_22084.jpg
1296.jpg,1296_22086.jpg,1296_22087.jpg
1297.jpg,1297_22089.jpg,1297_22090.jpg
1298.jpg,1298_22091.jpg,1298_22092.jpg
1299.jpg,1299_22104.jpg,1299_22105.jpg
1300.jpg,1300_22107.jpg,1300_22108.jpg
1301.jpg,1301_22111.jpg,1301_22112.jpg
1302.jpg,1302_22117.jpg,1302_22118.jpg
1303.jpg,1303_22119.jpg,1303_22120.jpg
1304.jpg,1304_22127.jpg,1304_22128.jpg
1305.jpg,1305_22138.jpg,1305_22139.jpg
1306.jpg,1306_22152.jpg,1306_22153.jpg
1307.jpg,1307_22160.jpg,1307_22161.jpg
1308.jpg,1308_22230.jpg,1308_22231.jpg
1309.jpg,1309_22233.jpg,1309_22234.jpg
1310.jpg,1310_22235.jpg,1310_22236.jpg
1311.jpg,1311_22244.jpg,1311_22245.jpg
1312.jpg,1312_22263.jpg,1312_22264.jpg
1313.jpg,1313_22265.jpg,1313_22266.jpg
1314.jpg,1314_22267.jpg,1314_22268.jpg
1315.jpg,1315_22269.jpg,1315_22270.jpg
1316.jpg,1316_22271.jpg,1316_22272.jpg
1317.jpg,1317_22298.jpg,1317_22299.jpg
1318.jpg,1318_22310.jpg,1318_22311.jpg
1319.jpg,1319_22361.jpg,1319_22362.jpg
1320.jpg,1320_22370.jpg,1320_22371.jpg
1321.jpg,1321_22374.jpg,1321_22375.jpg
1322.jpg,1322_22387.jpg,1322_22388.jpg
1323.jpg,1323_22389.jpg,1323_22390.jpg
1324.jpg,1324_22391.jpg,1324_22392.jpg
1325.jpg,1325_22393.jpg,1325_22394.jpg
1326.jpg,1326_22395.jpg,1326_22396.jpg
1327.jpg,1327_22405.jpg,1327_22406.jpg
1328.jpg,1328_22408.jpg,1328_22409.jpg
1329.jpg,1329_22411.jpg,1329_22412.jpg
1330.jpg,1330_22413.jpg,1330_22414.jpg
1331.jpg,1331_22417.jpg,1331_22418.jpg
1332.jpg,1332_22419.jpg,1332_22420.jpg
1333.jpg,1333_22424.jpg,1333_22425.jpg
1334.jpg,1334_22427.jpg,1334_22428.jpg
1335.jpg,1335_22436.jpg,1335_22437.jpg
1336.jpg,1336_22445.jpg,1336_22446.jpg
1337.jpg,1337_22447.jpg,1337_22448.jpg
1338.jpg,1338_22452.jpg,1338_22453.jpg
1339.jpg,1339_22454.jpg,1339_22455.jpg
1340.jpg,1340_22456.jpg,1340_22457.jpg
1341.jpg,1341_22465.jpg,1341_22466.jpg
1342.jpg,1342_22467.jpg,1342_22468.jpg
1343.jpg,1343_22473.jpg,1343_22474.jpg
1344.jpg,1344_22489.jpg,1344_22490.jpg
1345.jpg,1345_22543.jpg,1345_22544.jpg
1346.jpg,1346_22554.jpg,1346_22555.jpg
1347.jpg,1347_22561.jpg,1347_22562.jpg
1348.jpg,1348_22581.jpg,1348_22582.jpg
1349.jpg,1349_22622.jpg,1349_22623.jpg
1350.jpg,1350_22625.jpg,1350_22626.jpg
1351.jpg,1351_22636.jpg,1351_22637.jpg
1352.jpg,1352_22639.jpg,1352_22640.jpg
1353.jpg,1353_22659.jpg,1353_22660.jpg
1354.jpg,1354_22667.jpg,1354_22668.jpg
1355.jpg,1355_22690.jpg,1355_22691.jpg
1356.jpg,1356_22693.jpg,1356_22694.jpg
1357.jpg,1357_22696.jpg,1357_22697.jpg
1358.jpg,1358_22698.jpg,1358_22699.jpg
1359.jpg,1359_22706.jpg,1359_22707.jpg
1360.jpg,1360_22708.jpg,1360_22709.jpg
1361.jpg,1361_22727.jpg,1361_22728.jpg
1362.jpg,1362_22729.jpg,1362_22730.jpg
1363.jpg,1363_22734.jpg,1363_22735.jpg
1364.jpg,1364_22737.jpg,1364_22738.jpg
1365.jpg,1365_22739.jpg,1365_22740.jpg
1366.jpg,1366_22742.jpg,1366_22743.jpg
1367.jpg,1367_22750.jpg,1367_22751.jpg
1368.jpg,1368_22760.jpg,1368_22761.jpg
1369.jpg,1369_22765.jpg,1369_22766.jpg
1370.jpg,1370_22773.jpg,1370_22774.jpg
1371.jpg,1371_22775.jpg,1371_22776.jpg
1372.jpg,1372_22787.jpg,1372_22788.jpg
1373.jpg,1373_22790.jpg,1373_22791.jpg
1374.jpg,1374_22793.jpg,1374_22794.jpg
1375.jpg,1375_22801.jpg,1375_22802.jpg
1376.jpg,1376_22853.jpg,1376_22854.jpg
1377.jpg,1377_22869.jpg,1377_22870.jpg
1378.jpg,1378_22876.jpg,1378_22877.jpg
1379.jpg,1379_22894.jpg,1379_22895.jpg
1380.jpg,1380_22910.jpg,1380_22911.jpg
1381.jpg,1381_22912.jpg,1381_22913.jpg
1382.jpg,1382_22918.jpg,1382_22919.jpg
1383.jpg,1383_22920.jpg,1383_22921.jpg
1384.jpg,1384_22926.jpg,1384_22927.jpg
1385.jpg,1385_22956.jpg,1385_22957.jpg
1386.jpg,1386_22958.jpg,1386_22959.jpg
1387.jpg,1387_22960.jpg,1387_22961.jpg
1388.jpg,1388_22976.jpg,1388_22977.jpg
1389.jpg,1389_22980.jpg,1389_22981.jpg
1390.jpg,1390_22982.jpg,1390_22983.jpg
1391.jpg,1391_22988.jpg,1391_22989.jpg
1392.jpg,1392_22991.jpg,1392_22992.jpg
1393.jpg,1393_22993.jpg,1393_22994.jpg
1394.jpg,1394_22995.jpg,1394_22996.jpg
1395.jpg,1395_23001.jpg,1395_23002.jpg
1396.jpg,1396_23003.jpg,1396_23004.jpg
1397.jpg,1397_23010.jpg,1397_23011.jpg
1398.jpg,1398_23012.jpg,1398_23013.jpg
1399.jpg,1399_23030.jpg,1399_23031.jpg
1400.jpg,1400_23032.jpg,1400_23033.jpg
1401.jpg,1401_23034.jpg,1401_23035.jpg
1402.jpg,1402_23042.jpg,1402_23043.jpg
1403.jpg,1403_23046.jpg,1403_23047.jpg
1404.jpg,1404_23048.jpg,1404_23049.jpg
1405.jpg,1405_23051.jpg,1405_23052.jpg
1406.jpg,1406_23053.jpg,1406_23054.jpg
1407.jpg,1407_23055.jpg,1407_23056.jpg
1408.jpg,1408_23073.jpg,1408_23074.jpg
1409.jpg,1409_23087.jpg,1409_23088.jpg
1410.jpg,1410_23146.jpg,1410_23147.jpg
1411.jpg,1411_23148.jpg,1411_23149.jpg
1412.jpg,1412_23151.jpg,1412_23152.jpg
1413.jpg,1413_23158.jpg,1413_23159.jpg
1414.jpg,1414_23160.jpg,1414_23161.jpg
1415.jpg,1415_23166.jpg,1415_23167.jpg
1416.jpg,1416_23170.jpg,1416_23171.jpg
1417.jpg,1417_23175.jpg,1417_23176.jpg
1418.jpg,1418_23183.jpg,1418_23184.jpg
1419.jpg,1419_23186.jpg,1419_23187.jpg
1420.jpg,1420_23189.jpg,1420_23190.jpg
1421.jpg,1421_23191.jpg,1421_23192.jpg
1422.jpg,1422_23202.jpg,1422_23203.jpg
1423.jpg,1423_23204.jpg,1423_23205.jpg
1424.jpg,1424_23206.jpg,1424_23207.jpg
1425.jpg,1425_23208.jpg,1425_23209.jpg
1426.jpg,1426_23210.jpg,1426_23211.jpg
1427.jpg,1427_23212.jpg,1427_23213.jpg
1428.jpg,1428_23214.jpg,1428_23215.jpg
1429.jpg,1429_23221.jpg,1429_23222.jpg
1430.jpg,1430_23225.jpg,1430_23226.jpg
1431.jpg,1431_23238.jpg,1431_23239.jpg
1432.jpg,1432_23245.jpg,1432_23246.jpg
1433.jpg,1433_23248.jpg,1433_23249.jpg
1434.jpg,1434_23258.jpg,1434_23259.jpg
1435.jpg,1435_23260.jpg,1435_23261.jpg
1436.jpg,1436_23262.jpg,1436_23263.jpg
1437.jpg,1437_23264.jpg,1437_23265.jpg
1438.jpg,1438_23266.jpg,1438_23267.jpg
1439.jpg,1439_23297.jpg,1439_23298.jpg
1440.jpg,1440_23301.jpg,1440_23302.jpg
1441.jpg,1441_23303.jpg,1441_23304.jpg
1442.jpg,1442_23305.jpg,1442_23306.jpg
1443.jpg,1443_23309.jpg,1443_23310.jpg
1444.jpg,1444_23311.jpg,1444_23312.jpg
1445.jpg,1445_23313.jpg,1445_23314.jpg
1446.jpg,1446_23330.jpg,1446_23331.jpg
1447.jpg,1447_23334.jpg,1447_23335.jpg
1448.jpg,1448_23340.jpg,1448_23341.jpg
1449.jpg,1449_23343.jpg,1449_23344.jpg
1450.jpg,1450_23345.jpg,1450_23346.jpg
1451.jpg,1451_23348.jpg,1451_23349.jpg
1452.jpg,1452_23388.jpg,1452_23389.jpg
1453.jpg,1453_23391.jpg,1453_23392.jpg
1454.jpg,1454_23395.jpg,1454_23396.jpg
1455.jpg,1455_23398.jpg,1455_23399.jpg
1456.jpg,1456_23400.jpg,1456_23401.jpg
1457.jpg,1457_23402.jpg,1457_23403.jpg
1458.jpg,1458_23404.jpg,1458_23405.jpg
1459.jpg,1459_23412.jpg,1459_23413.jpg
1460.jpg,1460_23417.jpg,1460_23418.jpg
1461.jpg,1461_23419.jpg,1461_23420.jpg
1462.jpg,1462_23421.jpg,1462_23422.jpg
1463.jpg,1463_23423.jpg,1463_23424.jpg
1464.jpg,1464_23431.jpg,1464_23432.jpg
1465.jpg,1465_23438.jpg,1465_23439.jpg
1466.jpg,1466_23440.jpg,1466_23441.jpg
1467.jpg,1467_23461.jpg,1467_23462.jpg
1468.jpg,1468_23463.jpg,1468_23464.jpg
1469.jpg,1469_23469.jpg,1469_23470.jpg
1470.jpg,1470_23471.jpg,1470_23472.jpg
1471.jpg,1471_23511.jpg,1471_23512.jpg
1472.jpg,1472_23513.jpg,1472_23514.jpg
1473.jpg,1473_23515.jpg,1473_23516.jpg
1474.jpg,1474_23527.jpg,1474_23528.jpg
1475.jpg,1475_23531.jpg,1475_23532.jpg
1476.jpg,1476_23535.jpg,1476_23536.jpg
1477.jpg,1477_23538.jpg,1477_23539.jpg
1478.jpg,1478_23543.jpg,1478_23544.jpg
1479.jpg,1479_23545.jpg,1479_23546.jpg
1480.jpg,1480_23547.jpg,1480_23548.jpg
1481.jpg,1481_23549.jpg,1481_23550.jpg
1482.jpg,1482_23553.jpg,1482_23554.jpg
1483.jpg,1483_23555.jpg,1483_23556.jpg
1484.jpg,1484_23568.jpg,1484_23569.jpg
1485.jpg,1485_23596.jpg,1485_23597.jpg
1486.jpg,1486_23598.jpg,1486_23599.jpg
1487.jpg,1487_23601.jpg,1487_23602.jpg
1488.jpg,1488_23603.jpg,1488_23604.jpg
1489.jpg,1489_23607.jpg,1489_23608.jpg
1490.jpg,1490_23609.jpg,1490_23610.jpg
1491.jpg,1491_23616.jpg,1491_23617.jpg
1492.jpg,1492_23622.jpg,1492_23623.jpg
1493.jpg,1493_23624.jpg,1493_23625.jpg
1494.jpg,1494_23626.jpg,1494_23627.jpg
1495.jpg,1495_23628.jpg,1495_23629.jpg
1496.jpg,1496_23632.jpg,1496_23633.jpg
1497.jpg,1497_23642.jpg,1497_23643.jpg
1498.jpg,1498_23644.jpg,1498_23645.jpg
1499.jpg,1499_23647.jpg,1499_23648.jpg
1500.jpg,1500_23650.jpg,1500_23651.jpg
1501.jpg,1501_23654.jpg,1501_23655.jpg
1502.jpg,1502_23658.jpg,1502_23659.jpg
1503.jpg,1503_23664.jpg,1503_23665.jpg
1504.jpg,1504_23666.jpg,1504_23667.jpg
1505.jpg,1505_23668.jpg,1505_23669.jpg
1506.jpg,1506_23672.jpg,1506_23673.jpg
1507.jpg,1507_23674.jpg,1507_23675.jpg
1508.jpg,1508_23676.jpg,1508_23677.jpg
1509.jpg,1509_23679.jpg,1509_23680.jpg
1510.jpg,1510_23681.jpg,1510_23682.jpg
1511.jpg,1511_23683.jpg,1511_23684.jpg
1512.jpg,1512_23685.jpg,1512_23686.jpg
1513.jpg,1513_23687.jpg,1513_23688.jpg
1514.jpg,1514_23690.jpg,1514_23691.jpg
1515.jpg,1515_23692.jpg,1515_23693.jpg
1516.jpg,1516_23694.jpg,1516_23695.jpg
1517.jpg,1517_23697.jpg,1517_23698.jpg
1518.jpg,1518_23703.jpg,1518_23704.jpg
1519.jpg,1519_23705.jpg,1519_23706.jpg
1520.jpg,1520_23737.jpg,1520_23738.jpg
1521.jpg,1521_23739.jpg,1521_23740.jpg
1522.jpg,1522_23753.jpg,1522_23754.jpg
1523.jpg,1523_23755.jpg,1523_23756.jpg
1524.jpg,1524_23774.jpg,1524_23775.jpg
1525.jpg,1525_23777.jpg,1525_23778.jpg
1526.jpg,1526_23784.jpg,1526_23785.jpg
1527.jpg,1527_23788.jpg,1527_23789.jpg
1528.jpg,1528_23793.jpg,1528_23794.jpg
1529.jpg,1529_23804.jpg,1529_23805.jpg
1530.jpg,1530_23807.jpg,1530_23808.jpg
1531.jpg,1531_23809.jpg,1531_23810.jpg
1532.jpg,1532_23813.jpg,1532_23814.jpg
1533.jpg,1533_23817.jpg,1533_23818.jpg
1534.jpg,1534_23834.jpg,1534_23835.jpg
1535.jpg,1535_23836.jpg,1535_23837.jpg
1536.jpg,1536_23843.jpg,1536_23844.jpg
1537.jpg,1537_23845.jpg,1537_23846.jpg
1538.jpg,1538_23849.jpg,1538_23850.jpg
1539.jpg,1539_23853.jpg,1539_23854.jpg
1540.jpg,1540_23858.jpg,1540_23859.jpg
1541.jpg,1541_23864.jpg,1541_23865.jpg
1542.jpg,1542_23870.jpg,1542_23871.jpg
1543.jpg,1543_23873.jpg,1543_23874.jpg
1544.jpg,1544_23883.jpg,1544_23884.jpg
1545.jpg,1545_23886.jpg,1545_23887.jpg
1546.jpg,1546_23889.jpg,1546_23890.jpg
1547.jpg,1547_23891.jpg,1547_23892.jpg
1548.jpg,1548_23893.jpg,1548_23894.jpg
1549.jpg,1549_23895.jpg,1549_23896.jpg
1550.jpg,1550_23899.jpg,1550_23900.jpg
1551.jpg,1551_23902.jpg,1551_23903.jpg
1552.jpg,1552_23909.jpg,1552_23910.jpg
1553.jpg,1553_23918.jpg,1553_23919.jpg
1554.jpg,1554_23932.jpg,1554_23933.jpg
1555.jpg,1555_23935.jpg,1555_23936.jpg
1556.jpg,1556_23937.jpg,1556_23938.jpg
1557.jpg,1557_23942.jpg,1557_23943.jpg
1558.jpg,1558_23944.jpg,1558_23945.jpg
1559.jpg,1559_23947.jpg,1559_23948.jpg
1560.jpg,1560_23956.jpg,1560_23957.jpg
1561.jpg,1561_23958.jpg,1561_23959.jpg
1562.jpg,1562_23960.jpg,1562_23961.jpg
1563.jpg,1563_23964.jpg,1563_23965.jpg
1564.jpg,1564_23971.jpg,1564_23972.jpg
1565.jpg,1565_23974.jpg,1565_23975.jpg
1566.jpg,1566_23988.jpg,1566_23989.jpg
1567.jpg,1567_24009.jpg,1567_24010.jpg
1568.jpg,1568_24012.jpg,1568_24013.jpg
1569.jpg,1569_24014.jpg,1569_24015.jpg
1570.jpg,1570_24019.jpg,1570_24020.jpg
1571.jpg,1571_24023.jpg,1571_24024.jpg
1572.jpg,1572_24025.jpg,1572_24026.jpg
1573.jpg,1573_24028.jpg,1573_24029.jpg
1574.jpg,1574_24031.jpg,1574_24032.jpg
1575.jpg,1575_24067.jpg,1575_24068.jpg
1576.jpg,1576_24071.jpg,1576_24072.jpg
1577.jpg,1577_24075.jpg,1577_24076.jpg
1578.jpg,1578_24078.jpg,1578_24079.jpg
1579.jpg,1579_24096.jpg,1579_24097.jpg
1580.jpg,1580_24098.jpg,1580_24099.jpg
1581.jpg,1581_24101.jpg,1581_24102.jpg
1582.jpg,1582_24115.jpg,1582_24116.jpg
1583.jpg,1583_24121.jpg,1583_24122.jpg
1584.jpg,1584_24123.jpg,1584_24124.jpg
1585.jpg,1585_24126.jpg,1585_24127.jpg
1586.jpg,1586_24129.jpg,1586_24130.jpg
1587.jpg,1587_24131.jpg,1587_24132.jpg
1588.jpg,1588_24135.jpg,1588_24136.jpg
1589.jpg,1589_24138.jpg,1589_24139.jpg
1590.jpg,1590_24140.jpg,1590_24141.jpg
1591.jpg,1591_24143.jpg,1591_24144.jpg
1592.jpg,1592_24147.jpg,1592_24148.jpg
1593.jpg,1593_24156.jpg,1593_24157.jpg
1594.jpg,1594_24158.jpg,1594_24159.jpg
1595.jpg,1595_24161.jpg,1595_24162.jpg
1596.jpg,1596_24163.jpg,1596_24164.jpg
1597.jpg,1597_24166.jpg,1597_24167.jpg
1598.jpg,1598_24168.jpg,1598_24169.jpg
1599.jpg,1599_24187.jpg,1599_24188.jpg
1600.jpg,1600_24197.jpg,1600_24198.jpg
1601.jpg,1601_24199.jpg,1601_24200.jpg
1602.jpg,1602_24206.jpg,1602_24207.jpg
1603.jpg,1603_24212.jpg,1603_24213.jpg
1604.jpg,1604_24220.jpg,1604_24221.jpg
1605.jpg,1605_24222.jpg,1605_24223.jpg
1606.jpg,1606_24224.jpg,1606_24225.jpg
1607.jpg,1607_24227.jpg,1607_24228.jpg
1608.jpg,1608_24229.jpg,1608_24230.jpg
1609.jpg,1609_24238.jpg,1609_24239.jpg
1610.jpg,1610_24243.jpg,1610_24244.jpg
1611.jpg,1611_24249.jpg,1611_24250.jpg
1612.jpg,1612_24253.jpg,1612_24254.jpg
1613.jpg,1613_24256.jpg,1613_24257.jpg
1614.jpg,1614_24258.jpg,1614_24259.jpg
1615.jpg,1615_24275.jpg,1615_24276.jpg
1616.jpg,1616_24277.jpg,1616_24278.jpg
1617.jpg,1617_24298.jpg,1617_24299.jpg
1618.jpg,1618_24300.jpg,1618_24301.jpg
1619.jpg,1619_24304.jpg,1619_24305.jpg
1620.jpg,1620_24306.jpg,1620_24307.jpg
1621.jpg,1621_24320.jpg,1621_24321.jpg
1622.jpg,1622_24322.jpg,1622_24323.jpg
1623.jpg,1623_24324.jpg,1623_24325.jpg
1624.jpg,1624_24328.jpg,1624_24329.jpg
1625.jpg,1625_24331.jpg,1625_24332.jpg
1626.jpg,1626_24333.jpg,1626_24334.jpg
1627.jpg,1627_24335.jpg,1627_24336.jpg
1628.jpg,1628_24337.jpg,1628_24338.jpg
1629.jpg,1629_24341.jpg,1629_24342.jpg
1630.jpg,1630_24344.jpg,1630_24345.jpg
1631.jpg,1631_24347.jpg,1631_24348.jpg
1632.jpg,1632_24350.jpg,1632_24351.jpg
1633.jpg,1633_24354.jpg,1633_24355.jpg
1634.jpg,1634_24356.jpg,1634_24357.jpg
1635.jpg,1635_24359.jpg,1635_24360.jpg
1636.jpg,1636_24362.jpg,1636_24363.jpg
1637.jpg,1637_24366.jpg,1637_24367.jpg
1638.jpg,1638_24373.jpg,1638_24374.jpg
1639.jpg,1639_24375.jpg,1639_24376.jpg
1640.jpg,1640_24378.jpg,1640_24379.jpg
1641.jpg,1641_24380.jpg,1641_24381.jpg
1642.jpg,1642_24388.jpg,1642_24389.jpg
1643.jpg,1643_24391.jpg,1643_24392.jpg
1644.jpg,1644_24394.jpg,1644_24395.jpg
1645.jpg,1645_24410.jpg,1645_24411.jpg
1646.jpg,1646_24436.jpg,1646_24437.jpg
1647.jpg,1647_24441.jpg,1647_24442.jpg
1648.jpg,1648_24449.jpg,1648_24450.jpg
1649.jpg,1649_24459.jpg,1649_24460.jpg
1650.jpg,1650_24468.jpg,1650_24469.jpg
1651.jpg,1651_24470.jpg,1651_24471.jpg
1652.jpg,1652_24487.jpg,1652_24488.jpg
1653.jpg,1653_24494.jpg,1653_24495.jpg
1654.jpg,1654_24496.jpg,1654_24497.jpg
1655.jpg,1655_24499.jpg,1655_24500.jpg
1656.jpg,1656_24501.jpg,1656_24502.jpg
1657.jpg,1657_24506.jpg,1657_24507.jpg
1658.jpg,1658_24509.jpg,1658_24510.jpg
1659.jpg,1659_24511.jpg,1659_24512.jpg
1660.jpg,1660_24513.jpg,1660_24514.jpg
1661.jpg,1661_24515.jpg,1661_24516.jpg
1662.jpg,1662_24517.jpg,1662_24518.jpg
1663.jpg,1663_24520.jpg,1663_24521.jpg
1664.jpg,1664_24523.jpg,1664_24524.jpg
1665.jpg,1665_24528.jpg,1665_24529.jpg
1666.jpg,1666_24530.jpg,1666_24531.jpg
1667.jpg,1667_24537.jpg,1667_24538.jpg
1668.jpg,1668_24539.jpg,1668_24540.jpg
1669.jpg,1669_24546.jpg,1669_24547.jpg
1670.jpg,1670_24548.jpg,1670_24549.jpg
1671.jpg,1671_24552.jpg,1671_24553.jpg
1672.jpg,1672_24556.jpg,1672_24557.jpg
1673.jpg,1673_24563.jpg,1673_24564.jpg
1674.jpg,1674_24565.jpg,1674_24566.jpg
1675.jpg,1675_24571.jpg,1675_24572.jpg
1676.jpg,1676_24574.jpg,1676_24575.jpg
1677.jpg,1677_24576.jpg,1677_24577.jpg
1678.jpg,1678_24578.jpg,1678_24579.jpg
1679.jpg,1679_24591.jpg,1679_24592.jpg
1680.jpg,1680_24595.jpg,1680_24596.jpg
1681.jpg,1681_24626.jpg,1681_24627.jpg
1682.jpg,1682_24631.jpg,1682_24632.jpg
1683.jpg,1683_24637.jpg,1683_24638.jpg
1684.jpg,1684_24644.jpg,1684_24645.jpg
1685.jpg,1685_24646.jpg,1685_24647.jpg
1686.jpg,1686_24648.jpg,1686_24649.jpg
1687.jpg,1687_24653.jpg,1687_24654.jpg
1688.jpg,1688_24656.jpg,1688_24657.jpg
1689.jpg,1689_24667.jpg,1689_24668.jpg
1690.jpg,1690_24692.jpg,1690_24693.jpg
1691.jpg,1691_24694.jpg,1691_24695.jpg
1692.jpg,1692_24698.jpg,1692_24699.jpg
1693.jpg,1693_24701.jpg,1693_24702.jpg
1694.jpg,1694_24723.jpg,1694_24724.jpg
1695.jpg,1695_24725.jpg,1695_24726.jpg
1696.jpg,1696_24728.jpg,1696_24729.jpg
1697.jpg,1697_24731.jpg,1697_24732.jpg
1698.jpg,1698_24743.jpg,1698_24744.jpg
1699.jpg,1699_24745.jpg,1699_24746.jpg
1700.jpg,1700_24747.jpg,1700_24748.jpg
1701.jpg,1701_24749.jpg,1701_24750.jpg
1702.jpg,1702_24752.jpg,1702_24753.jpg
1703.jpg,1703_24755.jpg,1703_24756.jpg
1704.jpg,1704_24760.jpg,1704_24761.jpg
1705.jpg,1705_24764.jpg,1705_24765.jpg
1706.jpg,1706_24768.jpg,1706_24769.jpg
1707.jpg,1707_24770.jpg,1707_24771.jpg
1708.jpg,1708_24774.jpg,1708_24775.jpg
1709.jpg,1709_24776.jpg,1709_24777.jpg
1710.jpg,1710_24778.jpg,1710_24779.jpg
1711.jpg,1711_24781.jpg,1711_24782.jpg
1712.jpg,1712_24784.jpg,1712_24785.jpg
1713.jpg,1713_24835.jpg,1713_24836.jpg
1714.jpg,1714_24839.jpg,1714_24840.jpg
1715.jpg,1715_24849.jpg,1715_24850.jpg
1716.jpg,1716_24851.jpg,1716_24852.jpg
1717.jpg,1717_24855.jpg,1717_24856.jpg
1718.jpg,1718_24857.jpg,1718_24858.jpg
1719.jpg,1719_24860.jpg,1719_24861.jpg
1720.jpg,1720_24867.jpg,1720_24868.jpg
1721.jpg,1721_24874.jpg,1721_24875.jpg
1722.jpg,1722_24877.jpg,1722_24878.jpg
1723.jpg,1723_24882.jpg,1723_24883.jpg
1724.jpg,1724_24914.jpg,1724_24915.jpg
1725.jpg,1725_24917.jpg,1725_24918.jpg
1726.jpg,1726_24920.jpg,1726_24921.jpg
1727.jpg,1727_24926.jpg,1727_24927.jpg
1728.jpg,1728_24930.jpg,1728_24931.jpg
1729.jpg,1729_24946.jpg,1729_24947.jpg
1730.jpg,1730_24948.jpg,1730_24949.jpg
1731.jpg,1731_24952.jpg,1731_24953.jpg
1732.jpg,1732_24954.jpg,1732_24955.jpg
1733.jpg,1733_24959.jpg,1733_24960.jpg
1734.jpg,1734_24961.jpg,1734_24962.jpg
1735.jpg,1735_24965.jpg,1735_24966.jpg
1736.jpg,1736_24971.jpg,1736_24972.jpg
1737.jpg,1737_24973.jpg,1737_24974.jpg
1738.jpg,1738_24975.jpg,1738_24976.jpg
1739.jpg,1739_24980.jpg,1739_24981.jpg
1740.jpg,1740_24988.jpg,1740_24989.jpg
1741.jpg,1741_24998.jpg,1741_24999.jpg
1742.jpg,1742_25003.jpg,1742_25004.jpg
1743.jpg,1743_25005.jpg,1743_25006.jpg
1744.jpg,1744_25007.jpg,1744_25008.jpg
1745.jpg,1745_25009.jpg,1745_25010.jpg
1746.jpg,1746_25013.jpg,1746_25014.jpg
1747.jpg,1747_25018.jpg,1747_25019.jpg
1748.jpg,1748_25020.jpg,1748_25021.jpg
1749.jpg,1749_25022.jpg,1749_25023.jpg
1750.jpg,1750_25025.jpg,1750_25026.jpg
1751.jpg,1751_25033.jpg,1751_25034.jpg
1752.jpg,1752_25035.jpg,1752_25036.jpg
1753.jpg,1753_25057.jpg,1753_25058.jpg
1754.jpg,1754_25060.jpg,1754_25061.jpg
1755.jpg,1755_25062.jpg,1755_25063.jpg
1756.jpg,1756_25065.jpg,1756_25066.jpg
1757.jpg,1757_25083.jpg,1757_25084.jpg
1758.jpg,1758_25087.jpg,1758_25088.jpg
1759.jpg,1759_25090.jpg,1759_25091.jpg
1760.jpg,1760_25093.jpg,1760_25094.jpg
1761.jpg,1761_25097.jpg,1761_25098.jpg
1762.jpg,1762_25106.jpg,1762_25107.jpg
1763.jpg,1763_25130.jpg,1763_25131.jpg
1764.jpg,1764_25139.jpg,1764_25140.jpg
1765.jpg,1765_25143.jpg,1765_25144.jpg
1766.jpg,1766_25145.jpg,1766_25146.jpg
1767.jpg,1767_25177.jpg,1767_25178.jpg
1768.jpg,1768_25179.jpg,1768_25180.jpg
1769.jpg,1769_25194.jpg,1769_25195.jpg
1770.jpg,1770_25199.jpg,1770_25200.jpg
1771.jpg,1771_25201.jpg,1771_25202.jpg
1772.jpg,1772_25210.jpg,1772_25211.jpg
1773.jpg,1773_25212.jpg,1773_25213.jpg
1774.jpg,1774_25215.jpg,1774_25216.jpg
1775.jpg,1775_25358.jpg,1775_25359.jpg
1776.jpg,1776_25361.jpg,1776_25362.jpg
1777.jpg,1777_25366.jpg,1777_25367.jpg
1778.jpg,1778_25368.jpg,1778_25369.jpg
1779.jpg,1779_25383.jpg,1779_25384.jpg
1780.jpg,1780_25385.jpg,1780_25386.jpg
1781.jpg,1781_25393.jpg,1781_25394.jpg
1782.jpg,1782_25395.jpg,1782_25396.jpg
1783.jpg,1783_25403.jpg,1783_25404.jpg
1784.jpg,1784_25408.jpg,1784_25409.jpg
1785.jpg,1785_25411.jpg,1785_25412.jpg
1786.jpg,1786_25415.jpg,1786_25416.jpg
1787.jpg,1787_25417.jpg,1787_25418.jpg
1788.jpg,1788_25433.jpg,1788_25434.jpg
1789.jpg,1789_25437.jpg,1789_25438.jpg
1790.jpg,1790_25468.jpg,1790_25469.jpg
1791.jpg,1791_25470.jpg,1791_25471.jpg
1792.jpg,1792_25474.jpg,1792_25475.jpg
1793.jpg,1793_25477.jpg,1793_25478.jpg
1794.jpg,1794_25483.jpg,1794_25484.jpg
1795.jpg,1795_25485.jpg,1795_25486.jpg
1796.jpg,1796_25488.jpg,1796_25489.jpg
1797.jpg,1797_25536.jpg,1797_25537.jpg
1798.jpg,1798_25538.jpg,1798_25539.jpg
1799.jpg,1799_25540.jpg,1799_25541.jpg
1800.jpg,1800_25546.jpg,1800_25547.jpg
1801.jpg,1801_25555.jpg,1801_25556.jpg
1802.jpg,1802_25557.jpg,1802_25558.jpg
1803.jpg,1803_25559.jpg,1803_25560.jpg
1804.jpg,1804_25563.jpg,1804_25564.jpg
1805.jpg,1805_25566.jpg,1805_25567.jpg
1806.jpg,1806_25578.jpg,1806_25579.jpg
1807.jpg,1807_25580.jpg,1807_25581.jpg
1808.jpg,1808_25583.jpg,1808_25584.jpg
1809.jpg,1809_25589.jpg,1809_25590.jpg
1810.jpg,1810_25593.jpg,1810_25594.jpg
1811.jpg,1811_25596.jpg,1811_25597.jpg
1812.jpg,1812_25619.jpg,1812_25620.jpg
1813.jpg,1813_25622.jpg,1813_25623.jpg
1814.jpg,1814_25626.jpg,1814_25627.jpg
1815.jpg,1815_25628.jpg,1815_25629.jpg
1816.jpg,1816_25632.jpg,1816_25633.jpg
1817.jpg,1817_25636.jpg,1817_25637.jpg
1818.jpg,1818_25643.jpg,1818_25644.jpg
1819.jpg,1819_25646.jpg,1819_25647.jpg
1820.jpg,1820_25652.jpg,1820_25653.jpg
1821.jpg,1821_25659.jpg,1821_25660.jpg
1822.jpg,1822_25662.jpg,1822_25663.jpg
1823.jpg,1823_25667.jpg,1823_25668.jpg
1824.jpg,1824_25680.jpg,1824_25681.jpg
1825.jpg,1825_25683.jpg,1825_25684.jpg
1826.jpg,1826_25686.jpg,1826_25687.jpg
1827.jpg,1827_25694.jpg,1827_25695.jpg
1828.jpg,1828_25696.jpg,1828_25697.jpg
1829.jpg,1829_25701.jpg,1829_25702.jpg
